Band,Full_Pittag,Pittag,Capture_Date,Capture_Site,FA_length,Inital_Weight,Weights_For_Group_Assignment,BMI,Sex,Rep_Condition,Status_Sep5,Group_Assignment_Data,Treatment,Group,Notes
DMR03151,APS36011,36011,"4-Aug, 2025",Scott's House,41.77,10.8,12.5,0.299257841,Male,,Self feeding,DMR03151 - BMI: 0.299258 (Male),Dual,GP 2,
DMR03152,APS36021,36021,"4-Aug, 2025",Scott's House,42.72,11.5,22.7,0.531367041,Male,,Self feeding,DMR03152 - BMI: 0.531367 (Male),Primary,GP 2,
DMR03157,APS60118,60118,"6-Aug, 2025",Warriors Mark Farmhouse,45.11,12.8,24.6,0.545333629,Male,,Self feeding,DMR03157 - BMI: 0.545334 (Male),Primary,GP 1,
DMR03158,APS36010,36010,"6-Aug, 2025",Warriors Mark Farmhouse,42.79,11.5,15.3,0.357560178,Male,,Self feeding,DMR03158 - BMI: 0.357560 (Male),Dual,GP 2,
DMR03170,APS60073,60073,"6-Aug, 2025",Warriors Mark Farmhouse,47.09,15.9,27.5,0.583988108,Female,,Self feeding,DMR03170 - BMI: 0.583988 (Female),NoCo,GP 1,
DMR03174,APS60148,60148,"6-Aug, 2025",Warriors Mark Farmhouse,47.71,15.4,25.5,0.534479145,Female,,Deceased,DMR03174 - BMI: 0.534479 (Female),NoCo,GP 1,
DMR03190,APS36067,36067,"19-Aug, 2025",Old Danville Highway Barn,45.57,15,14.4,0.315997367,Male,,Deceased,DMR03190 - BMI: 0.315997 (Male),NoCo,GP 1,
DMR03195,APS60081,60081,"19-Aug, 2025",Old Danville Highway Barn,45.02,15,19.3,0.428698356,Male,,Self feeding,DMR03195 - BMI: 0.428698 (Male),NoCo,GP 1,
DMR03159,APS36007,36007,"6-Aug, 2025",Warriors Mark Farmhouse,44.94,13.6,22.8,0.507343124,Female,,Self feeding,DMR03159 - BMI: 0.507343 (Female),Dual,GP 2,
DMR03161,APS60125,60125,"6-Aug, 2025",Warriors Mark Farmhouse,46.58,17.5,33.4,0.717045943,Female,,Self feeding,DMR03161 - BMI: 0.717046 (Female),Secondary,GP 2,
DMR03162,APS36106,36106,"6-Aug, 2025",Warriors Mark Farmhouse,45.26,10.9,24.3,0.536897923,Female,,Self feeding,DMR03162 - BMI: 0.536898 (Female),Dual,GP 1,
DMR03163,APS60156,60156,"6-Aug, 2025",Warriors Mark Farmhouse,48.47,18.6,22,0.453889004,Female,,Self feeding,DMR03163 - BMI: 0.453889 (Female),Secondary,GP 2,
DMR03164,APS60088,60088,"6-Aug, 2025",Warriors Mark Farmhouse,45.49,13.9,26,0.571554188,Female,,Self feeding,DMR03164 - BMI: 0.571554 (Female),Primary,GP 2,
DMR03168,APS60115,60115,"6-Aug, 2025",Warriors Mark Farmhouse,46.37,15.6,26.5,0.571490188,Female,,Self feeding,DMR03168 - BMI: 0.571490 (Female),Secondary,GP 1,
DMR03171,APS60134,60134,"6-Aug, 2025",Warriors Mark Farmhouse,46.54,13.8,30.1,0.646755479,Female,,Deceased,DMR03171 - BMI: 0.646755 (Female),Dual,GP 1,
DMR03172,APS60074,60074,"6-Aug, 2025",Warriors Mark Farmhouse,47.34,14.6,25.5,0.538656527,Female,,Self feeding,DMR03172 - BMI: 0.538657 (Female),Secondary,GP 2,
DMR03154,APS60123,60123,"4-Aug, 2025",Scott's House,42.81,13.3,23.8,0.555944873,Male,,Self feeding,DMR03154 - BMI: 0.555945 (Male),SHAM,GP 1,
DMR03160,APS60109,60109,"6-Aug, 2025",Warriors Mark Farmhouse,44.48,14.4,21.5,0.483363309,Female,,Deceased,DMR03160 - BMI: 0.483363 (Female),SHAM ,GP 1,Replaced with DMR03188
DMR03166,APS60100,60100,"6-Aug, 2025",Warriors Mark Farmhouse,47.63,17.4,36,0.75582616,Female,,Deceased,DMR03166 - BMI: 0.755826 (Female),SHAM,GP 1,Replaced with DMR03180
DMR03179,APS60065,60065,"15-Aug, 2025",Scott's House,43.29,13.1,15.1,0.348810349,Female,,Deceased,DMR03179 - BMI: 0.348810 (Female),SHAM,GP 1,
DMR03173,APS60086,60086,"6-Aug, 2025",Warriors Mark Farmhouse,46.23,16.6,33.5,0.724637681,Female,,Deceased,DMR03173 - BMI: 0.724638 (Female),Primary,GP 1,
DMR03175,APS36101,36101,"6-Aug, 2025",Warriors Mark Farmhouse,44.49,11.8,23.3,0.523713194,Male,,Deceased,DMR03175 - BMI: 0.523713 (Male),Secondary,GP 1,Replaced with DMR03194
DMR03176,APS60082,60082,"12-Aug, 2025",Troxelville House,41.85,15.2,19.7,0.470728793,Female,,Self feeding,DMR03176 - BMI: 0.470729 (Female),Primary,GP 1,
DMR03177,APS36050,36050,"15-Aug, 2025",Scott's House,41.17,15.5,13.7,0.332766578,Female,,Self feeding,DMR03177 - BMI: 0.332767 (Female),Secondary,GP 2,
DMR03153,APS60079,60079,"4-Aug, 2025",Scott's House,45.12,11.8,21.5,0.476507092,Male,,Self feeding,DMR03153 - BMI: 0.476507 (Male),NoCo,GP 2,
DMR03165,APS60087,60087,"6-Aug, 2025",Warriors Mark Farmhouse,45.83,15.1,34.5,0.752782021,Female,,Deceased,DMR03165 - BMI: 0.752782 (Female),NoCo,GP 2,
DMR03169,APS60140,60140,"6-Aug, 2025",Warriors Mark Farmhouse,44.82,12.2,24.7,0.551093262,Female,,Deceased,DMR03169 - BMI: 0.551093 (Female),NoCo,GP 2,Replaced with DMR03193
DMR03178,APS60141,60141,"15-Aug, 2025",Scott's House,46.4,18.6,15.9,0.342672414,Female,,Self feeding,DMR03178 - BMI: 0.342672 (Female),NoCo,GP 2,
DMR03182,APS60132,60132,"18-Aug, 2025",Old Danville Highway Barn,45.2,16.7,20.1,0.444690266,Female,,Self feeding,DMR03182 - BMI: 0.444690 (Female),Dual,GP 1,
DMR03183,APS36026,36026,"18-Aug, 2025",Old Danville Highway Barn,46.95,15.9,20.1,0.428115016,Female,,Self feeding,DMR03183 - BMI: 0.428115 (Female),Primary,GP 2,
DMR03184,APS60160,60160,"18-Aug, 2025",Old Danville Highway Barn,47.82,20.1,16.2,0.338770389,Female,,Self feeding,DMR03184 - BMI: 0.338770 (Female),Primary,GP 1,
DMR03185,APS36103,36103,"18-Aug, 2025",Old Danville Highway Barn,44.86,16.2,14,0.312082033,Female,,Self feeding,DMR03185 - BMI: 0.312082 (Female),Secondary,GP 1,
DMR03186,APS36057,36057,"18-Aug, 2025",Old Danville Highway Barn,44.33,17.3,14,0.315813219,Male,,Self feeding,DMR03186 - BMI: 0.315813 (Male),Primary,GP 2,
DMR03187,APS36036,36036,"18-Aug, 2025",Old Danville Highway Barn,46.92,16.1,15,0.319693095,Female,,Self feeding,DMR03187 - BMI: 0.319693 (Female),Dual,GP 1,
DMR03189,APS60112,60112,"19-Aug, 2025",Old Danville Highway Barn,44.75,14.7,17.2,0.384357542,Male,,Deceased,DMR03189 - BMI: 0.384358 (Male),Secondary,GP 1,
DMR03191,APS36108,36108,"19-Aug, 2025",Old Danville Highway Barn,42.99,13.8,24.4,0.567573854,Male,,Self feeding,DMR03191 - BMI: 0.567574 (Male),Dual,GP 2,
DMR03155,APS36033,36033,"6-Aug, 2025",Warriors Mark Farmhouse,45.16,14.6,26.5,0.58680248,Female,,Self feeding,DMR03155 - BMI: 0.586802 (Female),SHAM,GP 2,
DMR03156,APS60111,60111,"6-Aug, 2025",Warriors Mark Farmhouse,46.38,13.3,24.8,0.534713239,Female,,Self feeding,DMR03156 - BMI: 0.534713 (Female),SHAM,GP 2,
DMR03181,APS60135,60135,"18-Aug, 2025",Old Danville Highway Barn,46.65,18.2,14.8,0.317256163,Female,,Self feeding,DMR03181 - BMI: 0.317256 (Female),SHAM,GP 2,
DMR03192,APS60113,60113,"19-Aug, 2025",Old Danville Highway Barn,43.08,14.2,19.4,0.450324977,Male,,Self feeding,DMR03192 - BMI: 0.450325 (Male),SHAM,GP 2,
DMR03180,APS60146,60146,"15-Aug, 2025",Scott's House,45.32,15.2,22,0.485436893,Male,,Self feeding,DMR03180 - BMI: 0.4854368932 (Male),SHAM,GP 2,Was spare but replaced DMR03166
DMR03188,APS36081,36081,"18-Aug, 2025",Old Danville Highway Barn,44.5,14.5,22.3,0.501123596,Male,,Self feeding,DMR03188 - BMI: 0.5011235955 (Male),SHAM,GP 2,Was spare but replaced DMR03160
DMR03193,APS36008,36008,"19-Aug, 2025",Old Danville Highway Barn,41.77,11.5,19.6,0.469236294,Male,,Self feeding,DMR03193 - BMI: 0.469236294 (Male),NoCo,GP 2,Was spare but replaced DMR03169
DMR03194,APS36027,36027,"19-Aug, 2025",Old Danville Highway Barn,45.73,13.9,20.2,0.441723158,Male,,Deceased,DMR03194 - BMI 0.4417231577 (Male),Secondary,GP 2,Was spare but replaced DMR03175
